{"_timestamp":1.7823478248054955e+09,"AUC":0.948374317141282,"_wandb":{"runtime":2},"_runtime":2,"_step":0,"confusion_matrix":{"format":"png","width":1000,"height":1000,"_type":"image-file","sha256":"fbebed18c1198b10c52ad010f42ab4e113d9ac1a827948ebb67f184db6b344cb","size":95169,"path":"media/images/confusion_matrix_0_fbebed18c1198b10c52a.png"}}