{"AUC":0.948374317141282,"_wandb":{"runtime":2},"_runtime":2,"confusion_matrix":{"sha256":"fbebed18c1198b10c52ad010f42ab4e113d9ac1a827948ebb67f184db6b344cb","size":95169,"path":"media/images/confusion_matrix_0_fbebed18c1198b10c52a.png","format":"png","width":1000,"height":1000,"_type":"image-file"},"_timestamp":1.7823481326694407e+09,"_step":0}